comune,anno,genere,popolazione
Provincia Autonoma Trento  ,2022,Maschi  ,266340
Provincia Autonoma Trento  ,2022,Femmine  ,274618
Provincia Autonoma Trento  ,2022,Totale  ,540958
Provincia Autonoma Trento  ,2023,Maschi  ,267681
Provincia Autonoma Trento  ,2023,Femmine  ,275315
Provincia Autonoma Trento  ,2023,Totale  ,542996
Provincia Autonoma Trento  ,2024,Maschi  ,269224
Provincia Autonoma Trento  ,2024,Femmine  ,275959
Provincia Autonoma Trento  ,2024,Totale  ,545183
Ala  ,2022,Maschi  ,4427
Ala  ,2022,Femmine  ,4374
Ala  ,2022,Totale  ,8801
Ala  ,2023,Maschi  ,4442
Ala  ,2023,Femmine  ,4389
Ala  ,2023,Totale  ,8831
Ala  ,2024,Maschi  ,4420
Ala  ,2024,Femmine  ,4374
Ala  ,2024,Totale  ,8794
Albiano  ,2022,Maschi  ,772
Albiano  ,2022,Femmine  ,722
Albiano  ,2022,Totale  ,1494
Albiano  ,2023,Maschi  ,778
Albiano  ,2023,Femmine  ,728
Albiano  ,2023,Totale  ,1506
Albiano  ,2024,Maschi  ,785
Albiano  ,2024,Femmine  ,738
Albiano  ,2024,Totale  ,1523
Aldeno  ,2022,Maschi  ,1564
Aldeno  ,2022,Femmine  ,1624
Aldeno  ,2022,Totale  ,3188
Aldeno  ,2023,Maschi  ,1588
Aldeno  ,2023,Femmine  ,1639
Aldeno  ,2023,Totale  ,3227
Aldeno  ,2024,Maschi  ,1620
Aldeno  ,2024,Femmine  ,1654
Aldeno  ,2024,Totale  ,3274
Altavalle  ,2022,Maschi  ,813
Altavalle  ,2022,Femmine  ,816
Altavalle  ,2022,Totale  ,1629
Altavalle  ,2023,Maschi  ,814
Altavalle  ,2023,Femmine  ,821
Altavalle  ,2023,Totale  ,1635
Altavalle  ,2024,Maschi  ,812
Altavalle  ,2024,Femmine  ,820
Altavalle  ,2024,Totale  ,1632
Altopiano della Vigolana  ,2022,Maschi  ,2570
Altopiano della Vigolana  ,2022,Femmine  ,2570
Altopiano della Vigolana  ,2022,Totale  ,5140
Altopiano della Vigolana  ,2023,Maschi  ,2561
Altopiano della Vigolana  ,2023,Femmine  ,2560
Altopiano della Vigolana  ,2023,Totale  ,5121
Altopiano della Vigolana  ,2024,Maschi  ,2558
Altopiano della Vigolana  ,2024,Femmine  ,2558
Altopiano della Vigolana  ,2024,Totale  ,5116
Amblar-Don  ,2022,Maschi  ,274
Amblar-Don  ,2022,Femmine  ,273
Amblar-Don  ,2022,Totale  ,547
Amblar-Don  ,2023,Maschi  ,273
Amblar-Don  ,2023,Femmine  ,270
Amblar-Don  ,2023,Totale  ,543
Amblar-Don  ,2024,Maschi  ,279
Amblar-Don  ,2024,Femmine  ,273
Amblar-Don  ,2024,Totale  ,552
Andalo  ,2022,Maschi  ,562
Andalo  ,2022,Femmine  ,583
Andalo  ,2022,Totale  ,1145
Andalo  ,2023,Maschi  ,563
Andalo  ,2023,Femmine  ,579
Andalo  ,2023,Totale  ,1142
Andalo  ,2024,Maschi  ,564
Andalo  ,2024,Femmine  ,579
Andalo  ,2024,Totale  ,1143
Arco  ,2022,Maschi  ,8634
Arco  ,2022,Femmine  ,9057
Arco  ,2022,Totale  ,17691
Arco  ,2023,Maschi  ,8724
Arco  ,2023,Femmine  ,9035
Arco  ,2023,Totale  ,17759
Arco  ,2024,Maschi  ,8738
Arco  ,2024,Femmine  ,9025
Arco  ,2024,Totale  ,17763
Avio  ,2022,Maschi  ,2044
Avio  ,2022,Femmine  ,2064
Avio  ,2022,Totale  ,4108
Avio  ,2023,Maschi  ,2045
Avio  ,2023,Femmine  ,2056
Avio  ,2023,Totale  ,4101
Avio  ,2024,Maschi  ,2069
Avio  ,2024,Femmine  ,2065
Avio  ,2024,Totale  ,4134
Baselga di Pinè  ,2022,Maschi  ,2582
Baselga di Pinè  ,2022,Femmine  ,2516
Baselga di Pinè  ,2022,Totale  ,5098
Baselga di Pinè  ,2023,Maschi  ,2588
Baselga di Pinè  ,2023,Femmine  ,2543
Baselga di Pinè  ,2023,Totale  ,5131
Baselga di Pinè  ,2024,Maschi  ,2621
Baselga di Pinè  ,2024,Femmine  ,2588
Baselga di Pinè  ,2024,Totale  ,5209
Bedollo  ,2022,Maschi  ,743
Bedollo  ,2022,Femmine  ,729
Bedollo  ,2022,Totale  ,1472
Bedollo  ,2023,Maschi  ,746
Bedollo  ,2023,Femmine  ,735
Bedollo  ,2023,Totale  ,1481
Bedollo  ,2024,Maschi  ,755
Bedollo  ,2024,Femmine  ,736
Bedollo  ,2024,Totale  ,1491
Besenello  ,2022,Maschi  ,1385
Besenello  ,2022,Femmine  ,1369
Besenello  ,2022,Totale  ,2754
Besenello  ,2023,Maschi  ,1402
Besenello  ,2023,Femmine  ,1381
Besenello  ,2023,Totale  ,2783
Besenello  ,2024,Maschi  ,1418
Besenello  ,2024,Femmine  ,1382
Besenello  ,2024,Totale  ,2800
Bieno  ,2022,Maschi  ,216
Bieno  ,2022,Femmine  ,234
Bieno  ,2022,Totale  ,450
Bieno  ,2023,Maschi  ,227
Bieno  ,2023,Femmine  ,239
Bieno  ,2023,Totale  ,466
Bieno  ,2024,Maschi  ,225
Bieno  ,2024,Femmine  ,240
Bieno  ,2024,Totale  ,465
Bleggio Superiore  ,2022,Maschi  ,784
Bleggio Superiore  ,2022,Femmine  ,750
Bleggio Superiore  ,2022,Totale  ,1534
Bleggio Superiore  ,2023,Maschi  ,779
Bleggio Superiore  ,2023,Femmine  ,741
Bleggio Superiore  ,2023,Totale  ,1520
Bleggio Superiore  ,2024,Maschi  ,771
Bleggio Superiore  ,2024,Femmine  ,738
Bleggio Superiore  ,2024,Totale  ,1509
Bocenago  ,2022,Maschi  ,198
Bocenago  ,2022,Femmine  ,202
Bocenago  ,2022,Totale  ,400
Bocenago  ,2023,Maschi  ,198
Bocenago  ,2023,Femmine  ,197
Bocenago  ,2023,Totale  ,395
Bocenago  ,2024,Maschi  ,202
Bocenago  ,2024,Femmine  ,196
Bocenago  ,2024,Totale  ,398
Bondone  ,2022,Maschi  ,328
Bondone  ,2022,Femmine  ,315
Bondone  ,2022,Totale  ,643
Bondone  ,2023,Maschi  ,323
Bondone  ,2023,Femmine  ,318
Bondone  ,2023,Totale  ,641
Bondone  ,2024,Maschi  ,326
Bondone  ,2024,Femmine  ,318
Bondone  ,2024,Totale  ,644
Borgo Chiese  ,2022,Maschi  ,990
Borgo Chiese  ,2022,Femmine  ,964
Borgo Chiese  ,2022,Totale  ,1954
Borgo Chiese  ,2023,Maschi  ,981
Borgo Chiese  ,2023,Femmine  ,951
Borgo Chiese  ,2023,Totale  ,1932
Borgo Chiese  ,2024,Maschi  ,984
Borgo Chiese  ,2024,Femmine  ,950
Borgo Chiese  ,2024,Totale  ,1934
Borgo d'Anaunia  ,2022,Maschi  ,1248
Borgo d'Anaunia  ,2022,Femmine  ,1256
Borgo d'Anaunia  ,2022,Totale  ,2504
Borgo d'Anaunia  ,2023,Maschi  ,1280
Borgo d'Anaunia  ,2023,Femmine  ,1235
Borgo d'Anaunia  ,2023,Totale  ,2515
Borgo d'Anaunia  ,2024,Maschi  ,1292
Borgo d'Anaunia  ,2024,Femmine  ,1261
Borgo d'Anaunia  ,2024,Totale  ,2553
Borgo Lares  ,2022,Maschi  ,378
Borgo Lares  ,2022,Femmine  ,342
Borgo Lares  ,2022,Totale  ,720
Borgo Lares  ,2023,Maschi  ,374
Borgo Lares  ,2023,Femmine  ,341
Borgo Lares  ,2023,Totale  ,715
Borgo Lares  ,2024,Maschi  ,378
Borgo Lares  ,2024,Femmine  ,350
Borgo Lares  ,2024,Totale  ,728
Borgo Valsugana  ,2022,Maschi  ,3425
Borgo Valsugana  ,2022,Femmine  ,3553
Borgo Valsugana  ,2022,Totale  ,6978
Borgo Valsugana  ,2023,Maschi  ,3447
Borgo Valsugana  ,2023,Femmine  ,3588
Borgo Valsugana  ,2023,Totale  ,7035
Borgo Valsugana  ,2024,Maschi  ,3492
Borgo Valsugana  ,2024,Femmine  ,3589
Borgo Valsugana  ,2024,Totale  ,7081
Brentonico  ,2022,Maschi  ,2012
Brentonico  ,2022,Femmine  ,2030
Brentonico  ,2022,Totale  ,4042
Brentonico  ,2023,Maschi  ,2043
Brentonico  ,2023,Femmine  ,2034
Brentonico  ,2023,Totale  ,4077
Brentonico  ,2024,Maschi  ,2071
Brentonico  ,2024,Femmine  ,2053
Brentonico  ,2024,Totale  ,4124
Bresimo  ,2022,Maschi  ,126
Bresimo  ,2022,Femmine  ,124
Bresimo  ,2022,Totale  ,250
Bresimo  ,2023,Maschi  ,125
Bresimo  ,2023,Femmine  ,123
Bresimo  ,2023,Totale  ,248
Bresimo  ,2024,Maschi  ,124
Bresimo  ,2024,Femmine  ,120
Bresimo  ,2024,Totale  ,244
Caderzone Terme  ,2022,Maschi  ,353
Caderzone Terme  ,2022,Femmine  ,347
Caderzone Terme  ,2022,Totale  ,700
Caderzone Terme  ,2023,Maschi  ,353
Caderzone Terme  ,2023,Femmine  ,338
Caderzone Terme  ,2023,Totale  ,691
Caderzone Terme  ,2024,Maschi  ,359
Caderzone Terme  ,2024,Femmine  ,337
Caderzone Terme  ,2024,Totale  ,696
Calceranica al Lago  ,2022,Maschi  ,688
Calceranica al Lago  ,2022,Femmine  ,698
Calceranica al Lago  ,2022,Totale  ,1386
Calceranica al Lago  ,2023,Maschi  ,696
Calceranica al Lago  ,2023,Femmine  ,699
Calceranica al Lago  ,2023,Totale  ,1395
Calceranica al Lago  ,2024,Maschi  ,692
Calceranica al Lago  ,2024,Femmine  ,703
Calceranica al Lago  ,2024,Totale  ,1395
Caldes  ,2022,Maschi  ,539
Caldes  ,2022,Femmine  ,548
Caldes  ,2022,Totale  ,1087
Caldes  ,2023,Maschi  ,550
Caldes  ,2023,Femmine  ,553
Caldes  ,2023,Totale  ,1103
Caldes  ,2024,Maschi  ,550
Caldes  ,2024,Femmine  ,556
Caldes  ,2024,Totale  ,1106
Caldonazzo  ,2022,Maschi  ,1906
Caldonazzo  ,2022,Femmine  ,1994
Caldonazzo  ,2022,Totale  ,3900
Caldonazzo  ,2023,Maschi  ,1916
Caldonazzo  ,2023,Femmine  ,1995
Caldonazzo  ,2023,Totale  ,3911
Caldonazzo  ,2024,Maschi  ,1934
Caldonazzo  ,2024,Femmine  ,2028
Caldonazzo  ,2024,Totale  ,3962
Calliano  ,2022,Maschi  ,1022
Calliano  ,2022,Femmine  ,998
Calliano  ,2022,Totale  ,2020
Calliano  ,2023,Maschi  ,1036
Calliano  ,2023,Femmine  ,1014
Calliano  ,2023,Totale  ,2050
Calliano  ,2024,Maschi  ,1042
Calliano  ,2024,Femmine  ,996
Calliano  ,2024,Totale  ,2038
Campitello di Fassa  ,2022,Maschi  ,346
Campitello di Fassa  ,2022,Femmine  ,361
Campitello di Fassa  ,2022,Totale  ,707
Campitello di Fassa  ,2023,Maschi  ,350
Campitello di Fassa  ,2023,Femmine  ,360
Campitello di Fassa  ,2023,Totale  ,710
Campitello di Fassa  ,2024,Maschi  ,343
Campitello di Fassa  ,2024,Femmine  ,357
Campitello di Fassa  ,2024,Totale  ,700
Campodenno  ,2022,Maschi  ,779
Campodenno  ,2022,Femmine  ,733
Campodenno  ,2022,Totale  ,1512
Campodenno  ,2023,Maschi  ,785
Campodenno  ,2023,Femmine  ,718
Campodenno  ,2023,Totale  ,1503
Campodenno  ,2024,Maschi  ,787
Campodenno  ,2024,Femmine  ,722
Campodenno  ,2024,Totale  ,1509
Canal San Bovo  ,2022,Maschi  ,710
Canal San Bovo  ,2022,Femmine  ,762
Canal San Bovo  ,2022,Totale  ,1472
Canal San Bovo  ,2023,Maschi  ,713
Canal San Bovo  ,2023,Femmine  ,764
Canal San Bovo  ,2023,Totale  ,1477
Canal San Bovo  ,2024,Maschi  ,709
Canal San Bovo  ,2024,Femmine  ,753
Canal San Bovo  ,2024,Totale  ,1462
Canazei  ,2022,Maschi  ,895
Canazei  ,2022,Femmine  ,983
Canazei  ,2022,Totale  ,1878
Canazei  ,2023,Maschi  ,868
Canazei  ,2023,Femmine  ,958
Canazei  ,2023,Totale  ,1826
Canazei  ,2024,Maschi  ,875
Canazei  ,2024,Femmine  ,957
Canazei  ,2024,Totale  ,1832
Capriana  ,2022,Maschi  ,301
Capriana  ,2022,Femmine  ,287
Capriana  ,2022,Totale  ,588
Capriana  ,2023,Maschi  ,301
Capriana  ,2023,Femmine  ,284
Capriana  ,2023,Totale  ,585
Capriana  ,2024,Maschi  ,303
Capriana  ,2024,Femmine  ,292
Capriana  ,2024,Totale  ,595
Carisolo  ,2022,Maschi  ,466
Carisolo  ,2022,Femmine  ,482
Carisolo  ,2022,Totale  ,948
Carisolo  ,2023,Maschi  ,460
Carisolo  ,2023,Femmine  ,480
Carisolo  ,2023,Totale  ,940
Carisolo  ,2024,Maschi  ,445
Carisolo  ,2024,Femmine  ,476
Carisolo  ,2024,Totale  ,921
Carzano  ,2022,Maschi  ,259
Carzano  ,2022,Femmine  ,259
Carzano  ,2022,Totale  ,518
Carzano  ,2023,Maschi  ,256
Carzano  ,2023,Femmine  ,254
Carzano  ,2023,Totale  ,510
Carzano  ,2024,Maschi  ,256
Carzano  ,2024,Femmine  ,254
Carzano  ,2024,Totale  ,510
Castel Condino  ,2022,Maschi  ,111
Castel Condino  ,2022,Femmine  ,113
Castel Condino  ,2022,Totale  ,224
Castel Condino  ,2023,Maschi  ,112
Castel Condino  ,2023,Femmine  ,111
Castel Condino  ,2023,Totale  ,223
Castel Condino  ,2024,Maschi  ,113
Castel Condino  ,2024,Femmine  ,112
Castel Condino  ,2024,Totale  ,225
Castel Ivano  ,2022,Maschi  ,1620
Castel Ivano  ,2022,Femmine  ,1640
Castel Ivano  ,2022,Totale  ,3260
Castel Ivano  ,2023,Maschi  ,1620
Castel Ivano  ,2023,Femmine  ,1649
Castel Ivano  ,2023,Totale  ,3269
Castel Ivano  ,2024,Maschi  ,1631
Castel Ivano  ,2024,Femmine  ,1637
Castel Ivano  ,2024,Totale  ,3268
Castello Tesino  ,2022,Maschi  ,588
Castello Tesino  ,2022,Femmine  ,567
Castello Tesino  ,2022,Totale  ,1155
Castello Tesino  ,2023,Maschi  ,594
Castello Tesino  ,2023,Femmine  ,564
Castello Tesino  ,2023,Totale  ,1158
Castello Tesino  ,2024,Maschi  ,595
Castello Tesino  ,2024,Femmine  ,563
Castello Tesino  ,2024,Totale  ,1158
Castello-Molina di Fiemme  ,2022,Maschi  ,1164
Castello-Molina di Fiemme  ,2022,Femmine  ,1155
Castello-Molina di Fiemme  ,2022,Totale  ,2319
Castello-Molina di Fiemme  ,2023,Maschi  ,1184
Castello-Molina di Fiemme  ,2023,Femmine  ,1168
Castello-Molina di Fiemme  ,2023,Totale  ,2352
Castello-Molina di Fiemme  ,2024,Maschi  ,1174
Castello-Molina di Fiemme  ,2024,Femmine  ,1145
Castello-Molina di Fiemme  ,2024,Totale  ,2319
Castelnuovo  ,2022,Maschi  ,528
Castelnuovo  ,2022,Femmine  ,550
Castelnuovo  ,2022,Totale  ,1078
Castelnuovo  ,2023,Maschi  ,539
Castelnuovo  ,2023,Femmine  ,552
Castelnuovo  ,2023,Totale  ,1091
Castelnuovo  ,2024,Maschi  ,534
Castelnuovo  ,2024,Femmine  ,552
Castelnuovo  ,2024,Totale  ,1086
Cavalese  ,2022,Maschi  ,1948
Cavalese  ,2022,Femmine  ,2091
Cavalese  ,2022,Totale  ,4039
Cavalese  ,2023,Maschi  ,1948
Cavalese  ,2023,Femmine  ,2080
Cavalese  ,2023,Totale  ,4028
Cavalese  ,2024,Maschi  ,1935
Cavalese  ,2024,Femmine  ,2052
Cavalese  ,2024,Totale  ,3987
Cavareno  ,2022,Maschi  ,597
Cavareno  ,2022,Femmine  ,541
Cavareno  ,2022,Totale  ,1138
Cavareno  ,2023,Maschi  ,587
Cavareno  ,2023,Femmine  ,537
Cavareno  ,2023,Totale  ,1124
Cavareno  ,2024,Maschi  ,577
Cavareno  ,2024,Femmine  ,546
Cavareno  ,2024,Totale  ,1123
Cavedago  ,2022,Maschi  ,298
Cavedago  ,2022,Femmine  ,265
Cavedago  ,2022,Totale  ,563
Cavedago  ,2023,Maschi  ,301
Cavedago  ,2023,Femmine  ,266
Cavedago  ,2023,Totale  ,567
Cavedago  ,2024,Maschi  ,303
Cavedago  ,2024,Femmine  ,273
Cavedago  ,2024,Totale  ,576
Cavedine  ,2022,Maschi  ,1536
Cavedine  ,2022,Femmine  ,1489
Cavedine  ,2022,Totale  ,3025
Cavedine  ,2023,Maschi  ,1552
Cavedine  ,2023,Femmine  ,1532
Cavedine  ,2023,Totale  ,3084
Cavedine  ,2024,Maschi  ,1540
Cavedine  ,2024,Femmine  ,1533
Cavedine  ,2024,Totale  ,3073
Cavizzana  ,2022,Maschi  ,119
Cavizzana  ,2022,Femmine  ,128
Cavizzana  ,2022,Totale  ,247
Cavizzana  ,2023,Maschi  ,112
Cavizzana  ,2023,Femmine  ,124
Cavizzana  ,2023,Totale  ,236
Cavizzana  ,2024,Maschi  ,111
Cavizzana  ,2024,Femmine  ,123
Cavizzana  ,2024,Totale  ,234
Cembra Lisignago  ,2022,Maschi  ,1181
Cembra Lisignago  ,2022,Femmine  ,1115
Cembra Lisignago  ,2022,Totale  ,2296
Cembra Lisignago  ,2023,Maschi  ,1180
Cembra Lisignago  ,2023,Femmine  ,1132
Cembra Lisignago  ,2023,Totale  ,2312
Cembra Lisignago  ,2024,Maschi  ,1202
Cembra Lisignago  ,2024,Femmine  ,1144
Cembra Lisignago  ,2024,Totale  ,2346
Cimone  ,2022,Maschi  ,376
Cimone  ,2022,Femmine  ,346
Cimone  ,2022,Totale  ,722
Cimone  ,2023,Maschi  ,374
Cimone  ,2023,Femmine  ,349
Cimone  ,2023,Totale  ,723
Cimone  ,2024,Maschi  ,374
Cimone  ,2024,Femmine  ,355
Cimone  ,2024,Totale  ,729
Cinte Tesino  ,2022,Maschi  ,173
Cinte Tesino  ,2022,Femmine  ,165
Cinte Tesino  ,2022,Totale  ,338
Cinte Tesino  ,2023,Maschi  ,179
Cinte Tesino  ,2023,Femmine  ,188
Cinte Tesino  ,2023,Totale  ,367
Cinte Tesino  ,2024,Maschi  ,175
Cinte Tesino  ,2024,Femmine  ,182
Cinte Tesino  ,2024,Totale  ,357
Cis  ,2022,Maschi  ,145
Cis  ,2022,Femmine  ,159
Cis  ,2022,Totale  ,304
Cis  ,2023,Maschi  ,145
Cis  ,2023,Femmine  ,155
Cis  ,2023,Totale  ,300
Cis  ,2024,Maschi  ,140
Cis  ,2024,Femmine  ,152
Cis  ,2024,Totale  ,292
Civezzano  ,2022,Maschi  ,2055
Civezzano  ,2022,Femmine  ,2037
Civezzano  ,2022,Totale  ,4092
Civezzano  ,2023,Maschi  ,2072
Civezzano  ,2023,Femmine  ,2054
Civezzano  ,2023,Totale  ,4126
Civezzano  ,2024,Maschi  ,2122
Civezzano  ,2024,Femmine  ,2089
Civezzano  ,2024,Totale  ,4211
Cles  ,2022,Maschi  ,3432
Cles  ,2022,Femmine  ,3721
Cles  ,2022,Totale  ,7153
Cles  ,2023,Maschi  ,3466
Cles  ,2023,Femmine  ,3751
Cles  ,2023,Totale  ,7217
Cles  ,2024,Maschi  ,3538
Cles  ,2024,Femmine  ,3771
Cles  ,2024,Totale  ,7309
Comano Terme  ,2022,Maschi  ,1440
Comano Terme  ,2022,Femmine  ,1473
Comano Terme  ,2022,Totale  ,2913
Comano Terme  ,2023,Maschi  ,1458
Comano Terme  ,2023,Femmine  ,1479
Comano Terme  ,2023,Totale  ,2937
Comano Terme  ,2024,Maschi  ,1463
Comano Terme  ,2024,Femmine  ,1485
Comano Terme  ,2024,Totale  ,2948
Commezzadura  ,2022,Maschi  ,501
Commezzadura  ,2022,Femmine  ,507
Commezzadura  ,2022,Totale  ,1008
Commezzadura  ,2023,Maschi  ,503
Commezzadura  ,2023,Femmine  ,507
Commezzadura  ,2023,Totale  ,1010
Commezzadura  ,2024,Maschi  ,502
Commezzadura  ,2024,Femmine  ,512
Commezzadura  ,2024,Totale  ,1014
Contà  ,2022,Maschi  ,691
Contà  ,2022,Femmine  ,710
Contà  ,2022,Totale  ,1401
Contà  ,2023,Maschi  ,685
Contà  ,2023,Femmine  ,720
Contà  ,2023,Totale  ,1405
Contà  ,2024,Maschi  ,692
Contà  ,2024,Femmine  ,717
Contà  ,2024,Totale  ,1409
Croviana  ,2022,Maschi  ,349
Croviana  ,2022,Femmine  ,342
Croviana  ,2022,Totale  ,691
Croviana  ,2023,Maschi  ,352
Croviana  ,2023,Femmine  ,345
Croviana  ,2023,Totale  ,697
Croviana  ,2024,Maschi  ,347
Croviana  ,2024,Femmine  ,341
Croviana  ,2024,Totale  ,688
Dambel  ,2022,Maschi  ,213
Dambel  ,2022,Femmine  ,203
Dambel  ,2022,Totale  ,416
Dambel  ,2023,Maschi  ,215
Dambel  ,2023,Femmine  ,198
Dambel  ,2023,Totale  ,413
Dambel  ,2024,Maschi  ,214
Dambel  ,2024,Femmine  ,191
Dambel  ,2024,Totale  ,405
Denno  ,2022,Maschi  ,621
Denno  ,2022,Femmine  ,591
Denno  ,2022,Totale  ,1212
Denno  ,2023,Maschi  ,629
Denno  ,2023,Femmine  ,613
Denno  ,2023,Totale  ,1242
Denno  ,2024,Maschi  ,631
Denno  ,2024,Femmine  ,624
Denno  ,2024,Totale  ,1255
Dimaro Folgarida  ,2022,Maschi  ,1003
Dimaro Folgarida  ,2022,Femmine  ,1078
Dimaro Folgarida  ,2022,Totale  ,2081
Dimaro Folgarida  ,2023,Maschi  ,1009
Dimaro Folgarida  ,2023,Femmine  ,1080
Dimaro Folgarida  ,2023,Totale  ,2089
Dimaro Folgarida  ,2024,Maschi  ,1011
Dimaro Folgarida  ,2024,Femmine  ,1081
Dimaro Folgarida  ,2024,Totale  ,2092
Drena  ,2022,Maschi  ,297
Drena  ,2022,Femmine  ,290
Drena  ,2022,Totale  ,587
Drena  ,2023,Maschi  ,299
Drena  ,2023,Femmine  ,295
Drena  ,2023,Totale  ,594
Drena  ,2024,Maschi  ,298
Drena  ,2024,Femmine  ,300
Drena  ,2024,Totale  ,598
Dro  ,2022,Maschi  ,2490
Dro  ,2022,Femmine  ,2540
Dro  ,2022,Totale  ,5030
Dro  ,2023,Maschi  ,2484
Dro  ,2023,Femmine  ,2545
Dro  ,2023,Totale  ,5029
Dro  ,2024,Maschi  ,2502
Dro  ,2024,Femmine  ,2559
Dro  ,2024,Totale  ,5061
Fai della Paganella  ,2022,Maschi  ,443
Fai della Paganella  ,2022,Femmine  ,462
Fai della Paganella  ,2022,Totale  ,905
Fai della Paganella  ,2023,Maschi  ,463
Fai della Paganella  ,2023,Femmine  ,473
Fai della Paganella  ,2023,Totale  ,936
Fai della Paganella  ,2024,Maschi  ,465
Fai della Paganella  ,2024,Femmine  ,468
Fai della Paganella  ,2024,Totale  ,933
Fiavè  ,2022,Maschi  ,511
Fiavè  ,2022,Femmine  ,557
Fiavè  ,2022,Totale  ,1068
Fiavè  ,2023,Maschi  ,501
Fiavè  ,2023,Femmine  ,536
Fiavè  ,2023,Totale  ,1037
Fiavè  ,2024,Maschi  ,518
Fiavè  ,2024,Femmine  ,534
Fiavè  ,2024,Totale  ,1052
Fierozzo  ,2022,Maschi  ,252
Fierozzo  ,2022,Femmine  ,218
Fierozzo  ,2022,Totale  ,470
Fierozzo  ,2023,Maschi  ,254
Fierozzo  ,2023,Femmine  ,216
Fierozzo  ,2023,Totale  ,470
Fierozzo  ,2024,Maschi  ,249
Fierozzo  ,2024,Femmine  ,215
Fierozzo  ,2024,Totale  ,464
Folgaria  ,2022,Maschi  ,1526
Folgaria  ,2022,Femmine  ,1621
Folgaria  ,2022,Totale  ,3147
Folgaria  ,2023,Maschi  ,1538
Folgaria  ,2023,Femmine  ,1624
Folgaria  ,2023,Totale  ,3162
Folgaria  ,2024,Maschi  ,1551
Folgaria  ,2024,Femmine  ,1624
Folgaria  ,2024,Totale  ,3175
Fornace  ,2022,Maschi  ,673
Fornace  ,2022,Femmine  ,640
Fornace  ,2022,Totale  ,1313
Fornace  ,2023,Maschi  ,681
Fornace  ,2023,Femmine  ,651
Fornace  ,2023,Totale  ,1332
Fornace  ,2024,Maschi  ,684
Fornace  ,2024,Femmine  ,652
Fornace  ,2024,Totale  ,1336
Frassilongo  ,2022,Maschi  ,173
Frassilongo  ,2022,Femmine  ,165
Frassilongo  ,2022,Totale  ,338
Frassilongo  ,2023,Maschi  ,177
Frassilongo  ,2023,Femmine  ,165
Frassilongo  ,2023,Totale  ,342
Frassilongo  ,2024,Maschi  ,182
Frassilongo  ,2024,Femmine  ,170
Frassilongo  ,2024,Totale  ,352
Garniga Terme  ,2022,Maschi  ,208
Garniga Terme  ,2022,Femmine  ,183
Garniga Terme  ,2022,Totale  ,391
Garniga Terme  ,2023,Maschi  ,204
Garniga Terme  ,2023,Femmine  ,181
Garniga Terme  ,2023,Totale  ,385
Garniga Terme  ,2024,Maschi  ,219
Garniga Terme  ,2024,Femmine  ,189
Garniga Terme  ,2024,Totale  ,408
Giovo  ,2022,Maschi  ,1287
Giovo  ,2022,Femmine  ,1233
Giovo  ,2022,Totale  ,2520
Giovo  ,2023,Maschi  ,1296
Giovo  ,2023,Femmine  ,1242
Giovo  ,2023,Totale  ,2538
Giovo  ,2024,Maschi  ,1284
Giovo  ,2024,Femmine  ,1225
Giovo  ,2024,Totale  ,2509
Giustino  ,2022,Maschi  ,357
Giustino  ,2022,Femmine  ,384
Giustino  ,2022,Totale  ,741
Giustino  ,2023,Maschi  ,360
Giustino  ,2023,Femmine  ,379
Giustino  ,2023,Totale  ,739
Giustino  ,2024,Maschi  ,360
Giustino  ,2024,Femmine  ,380
Giustino  ,2024,Totale  ,740
Grigno  ,2022,Maschi  ,1002
Grigno  ,2022,Femmine  ,1028
Grigno  ,2022,Totale  ,2030
Grigno  ,2023,Maschi  ,1008
Grigno  ,2023,Femmine  ,1028
Grigno  ,2023,Totale  ,2036
Grigno  ,2024,Maschi  ,1002
Grigno  ,2024,Femmine  ,1020
Grigno  ,2024,Totale  ,2022
Imer  ,2022,Maschi  ,609
Imer  ,2022,Femmine  ,562
Imer  ,2022,Totale  ,1171
Imer  ,2023,Maschi  ,613
Imer  ,2023,Femmine  ,572
Imer  ,2023,Totale  ,1185
Imer  ,2024,Maschi  ,609
Imer  ,2024,Femmine  ,568
Imer  ,2024,Totale  ,1177
Isera  ,2022,Maschi  ,1376
Isera  ,2022,Femmine  ,1400
Isera  ,2022,Totale  ,2776
Isera  ,2023,Maschi  ,1389
Isera  ,2023,Femmine  ,1397
Isera  ,2023,Totale  ,2786
Isera  ,2024,Maschi  ,1388
Isera  ,2024,Femmine  ,1415
Isera  ,2024,Totale  ,2803
Lavarone  ,2022,Maschi  ,596
Lavarone  ,2022,Femmine  ,591
Lavarone  ,2022,Totale  ,1187
Lavarone  ,2023,Maschi  ,598
Lavarone  ,2023,Femmine  ,592
Lavarone  ,2023,Totale  ,1190
Lavarone  ,2024,Maschi  ,611
Lavarone  ,2024,Femmine  ,592
Lavarone  ,2024,Totale  ,1203
Lavis  ,2022,Maschi  ,4551
Lavis  ,2022,Femmine  ,4575
Lavis  ,2022,Totale  ,9126
Lavis  ,2023,Maschi  ,4570
Lavis  ,2023,Femmine  ,4605
Lavis  ,2023,Totale  ,9175
Lavis  ,2024,Maschi  ,4571
Lavis  ,2024,Femmine  ,4600
Lavis  ,2024,Totale  ,9171
Ledro  ,2022,Maschi  ,2574
Ledro  ,2022,Femmine  ,2699
Ledro  ,2022,Totale  ,5273
Ledro  ,2023,Maschi  ,2606
Ledro  ,2023,Femmine  ,2720
Ledro  ,2023,Totale  ,5326
Ledro  ,2024,Maschi  ,2651
Ledro  ,2024,Femmine  ,2744
Ledro  ,2024,Totale  ,5395
Levico Terme  ,2022,Maschi  ,3952
Levico Terme  ,2022,Femmine  ,4182
Levico Terme  ,2022,Totale  ,8134
Levico Terme  ,2023,Maschi  ,3973
Levico Terme  ,2023,Femmine  ,4219
Levico Terme  ,2023,Totale  ,8192
Levico Terme  ,2024,Maschi  ,4028
Levico Terme  ,2024,Femmine  ,4236
Levico Terme  ,2024,Totale  ,8264
Livo  ,2022,Maschi  ,403
Livo  ,2022,Femmine  ,378
Livo  ,2022,Totale  ,781
Livo  ,2023,Maschi  ,392
Livo  ,2023,Femmine  ,362
Livo  ,2023,Totale  ,754
Livo  ,2024,Maschi  ,393
Livo  ,2024,Femmine  ,373
Livo  ,2024,Totale  ,766
Lona-Lases  ,2022,Maschi  ,435
Lona-Lases  ,2022,Femmine  ,438
Lona-Lases  ,2022,Totale  ,873
Lona-Lases  ,2023,Maschi  ,430
Lona-Lases  ,2023,Femmine  ,435
Lona-Lases  ,2023,Totale  ,865
Lona-Lases  ,2024,Maschi  ,428
Lona-Lases  ,2024,Femmine  ,435
Lona-Lases  ,2024,Totale  ,863
Luserna  ,2022,Maschi  ,131
Luserna  ,2022,Femmine  ,139
Luserna  ,2022,Totale  ,270
Luserna  ,2023,Maschi  ,130
Luserna  ,2023,Femmine  ,137
Luserna  ,2023,Totale  ,267
Luserna  ,2024,Maschi  ,130
Luserna  ,2024,Femmine  ,137
Luserna  ,2024,Totale  ,267
Madruzzo  ,2022,Maschi  ,1522
Madruzzo  ,2022,Femmine  ,1441
Madruzzo  ,2022,Totale  ,2963
Madruzzo  ,2023,Maschi  ,1520
Madruzzo  ,2023,Femmine  ,1447
Madruzzo  ,2023,Totale  ,2967
Madruzzo  ,2024,Maschi  ,1532
Madruzzo  ,2024,Femmine  ,1459
Madruzzo  ,2024,Totale  ,2991
Malé  ,2022,Maschi  ,1092
Malé  ,2022,Femmine  ,1173
Malé  ,2022,Totale  ,2265
Malé  ,2023,Maschi  ,1094
Malé  ,2023,Femmine  ,1173
Malé  ,2023,Totale  ,2267
Malé  ,2024,Maschi  ,1097
Malé  ,2024,Femmine  ,1169
Malé  ,2024,Totale  ,2266
Massimeno  ,2022,Maschi  ,79
Massimeno  ,2022,Femmine  ,65
Massimeno  ,2022,Totale  ,144
Massimeno  ,2023,Maschi  ,73
Massimeno  ,2023,Femmine  ,65
Massimeno  ,2023,Totale  ,138
Massimeno  ,2024,Maschi  ,74
Massimeno  ,2024,Femmine  ,64
Massimeno  ,2024,Totale  ,138
Mazzin  ,2022,Maschi  ,291
Mazzin  ,2022,Femmine  ,297
Mazzin  ,2022,Totale  ,588
Mazzin  ,2023,Maschi  ,287
Mazzin  ,2023,Femmine  ,306
Mazzin  ,2023,Totale  ,593
Mazzin  ,2024,Maschi  ,293
Mazzin  ,2024,Femmine  ,311
Mazzin  ,2024,Totale  ,604
Mezzana  ,2022,Maschi  ,437
Mezzana  ,2022,Femmine  ,445
Mezzana  ,2022,Totale  ,882
Mezzana  ,2023,Maschi  ,431
Mezzana  ,2023,Femmine  ,447
Mezzana  ,2023,Totale  ,878
Mezzana  ,2024,Maschi  ,431
Mezzana  ,2024,Femmine  ,446
Mezzana  ,2024,Totale  ,877
Mezzano  ,2022,Maschi  ,802
Mezzano  ,2022,Femmine  ,794
Mezzano  ,2022,Totale  ,1596
Mezzano  ,2023,Maschi  ,799
Mezzano  ,2023,Femmine  ,785
Mezzano  ,2023,Totale  ,1584
Mezzano  ,2024,Maschi  ,799
Mezzano  ,2024,Femmine  ,786
Mezzano  ,2024,Totale  ,1585
Mezzocorona  ,2022,Maschi  ,2706
Mezzocorona  ,2022,Femmine  ,2802
Mezzocorona  ,2022,Totale  ,5508
Mezzocorona  ,2023,Maschi  ,2694
Mezzocorona  ,2023,Femmine  ,2782
Mezzocorona  ,2023,Totale  ,5476
Mezzocorona  ,2024,Maschi  ,2701
Mezzocorona  ,2024,Femmine  ,2810
Mezzocorona  ,2024,Totale  ,5511
Mezzolombardo  ,2022,Maschi  ,3679
Mezzolombardo  ,2022,Femmine  ,3766
Mezzolombardo  ,2022,Totale  ,7445
Mezzolombardo  ,2023,Maschi  ,3725
Mezzolombardo  ,2023,Femmine  ,3812
Mezzolombardo  ,2023,Totale  ,7537
Mezzolombardo  ,2024,Maschi  ,3782
Mezzolombardo  ,2024,Femmine  ,3885
Mezzolombardo  ,2024,Totale  ,7667
Moena  ,2022,Maschi  ,1263
Moena  ,2022,Femmine  ,1326
Moena  ,2022,Totale  ,2589
Moena  ,2023,Maschi  ,1259
Moena  ,2023,Femmine  ,1300
Moena  ,2023,Totale  ,2559
Moena  ,2024,Maschi  ,1241
Moena  ,2024,Femmine  ,1296
Moena  ,2024,Totale  ,2537
Molveno  ,2022,Maschi  ,532
Molveno  ,2022,Femmine  ,565
Molveno  ,2022,Totale  ,1097
Molveno  ,2023,Maschi  ,534
Molveno  ,2023,Femmine  ,573
Molveno  ,2023,Totale  ,1107
Molveno  ,2024,Maschi  ,537
Molveno  ,2024,Femmine  ,582
Molveno  ,2024,Totale  ,1119
Mori  ,2022,Maschi  ,4997
Mori  ,2022,Femmine  ,5051
Mori  ,2022,Totale  ,10048
Mori  ,2023,Maschi  ,5050
Mori  ,2023,Femmine  ,5086
Mori  ,2023,Totale  ,10136
Mori  ,2024,Maschi  ,5086
Mori  ,2024,Femmine  ,5122
Mori  ,2024,Totale  ,10208
Nago-Torbole  ,2022,Maschi  ,1386
Nago-Torbole  ,2022,Femmine  ,1436
Nago-Torbole  ,2022,Totale  ,2822
Nago-Torbole  ,2023,Maschi  ,1377
Nago-Torbole  ,2023,Femmine  ,1425
Nago-Torbole  ,2023,Totale  ,2802
Nago-Torbole  ,2024,Maschi  ,1368
Nago-Torbole  ,2024,Femmine  ,1390
Nago-Torbole  ,2024,Totale  ,2758
Nogaredo  ,2022,Maschi  ,1046
Nogaredo  ,2022,Femmine  ,1009
Nogaredo  ,2022,Totale  ,2055
Nogaredo  ,2023,Maschi  ,1061
Nogaredo  ,2023,Femmine  ,1019
Nogaredo  ,2023,Totale  ,2080
Nogaredo  ,2024,Maschi  ,1058
Nogaredo  ,2024,Femmine  ,1013
Nogaredo  ,2024,Totale  ,2071
Nomi  ,2022,Maschi  ,626
Nomi  ,2022,Femmine  ,676
Nomi  ,2022,Totale  ,1302
Nomi  ,2023,Maschi  ,634
Nomi  ,2023,Femmine  ,675
Nomi  ,2023,Totale  ,1309
Nomi  ,2024,Maschi  ,662
Nomi  ,2024,Femmine  ,690
Nomi  ,2024,Totale  ,1352
Novaledo  ,2022,Maschi  ,526
Novaledo  ,2022,Femmine  ,575
Novaledo  ,2022,Totale  ,1101
Novaledo  ,2023,Maschi  ,541
Novaledo  ,2023,Femmine  ,584
Novaledo  ,2023,Totale  ,1125
Novaledo  ,2024,Maschi  ,560
Novaledo  ,2024,Femmine  ,602
Novaledo  ,2024,Totale  ,1162
Novella  ,2022,Maschi  ,1822
Novella  ,2022,Femmine  ,1759
Novella  ,2022,Totale  ,3581
Novella  ,2023,Maschi  ,1831
Novella  ,2023,Femmine  ,1764
Novella  ,2023,Totale  ,3595
Novella  ,2024,Maschi  ,1837
Novella  ,2024,Femmine  ,1769
Novella  ,2024,Totale  ,3606
Ospedaletto  ,2022,Maschi  ,406
Ospedaletto  ,2022,Femmine  ,379
Ospedaletto  ,2022,Totale  ,785
Ospedaletto  ,2023,Maschi  ,414
Ospedaletto  ,2023,Femmine  ,382
Ospedaletto  ,2023,Totale  ,796
Ospedaletto  ,2024,Maschi  ,419
Ospedaletto  ,2024,Femmine  ,389
Ospedaletto  ,2024,Totale  ,808
Ossana  ,2022,Maschi  ,388
Ossana  ,2022,Femmine  ,434
Ossana  ,2022,Totale  ,822
Ossana  ,2023,Maschi  ,390
Ossana  ,2023,Femmine  ,428
Ossana  ,2023,Totale  ,818
Ossana  ,2024,Maschi  ,405
Ossana  ,2024,Femmine  ,428
Ossana  ,2024,Totale  ,833
Palù del Fersina  ,2022,Maschi  ,86
Palù del Fersina  ,2022,Femmine  ,81
Palù del Fersina  ,2022,Totale  ,167
Palù del Fersina  ,2023,Maschi  ,79
Palù del Fersina  ,2023,Femmine  ,82
Palù del Fersina  ,2023,Totale  ,161
Palù del Fersina  ,2024,Maschi  ,81
Palù del Fersina  ,2024,Femmine  ,78
Palù del Fersina  ,2024,Totale  ,159
Panchià  ,2022,Maschi  ,392
Panchià  ,2022,Femmine  ,417
Panchià  ,2022,Totale  ,809
Panchià  ,2023,Maschi  ,393
Panchià  ,2023,Femmine  ,419
Panchià  ,2023,Totale  ,812
Panchià  ,2024,Maschi  ,394
Panchià  ,2024,Femmine  ,420
Panchià  ,2024,Totale  ,814
Peio  ,2022,Maschi  ,939
Peio  ,2022,Femmine  ,881
Peio  ,2022,Totale  ,1820
Peio  ,2023,Maschi  ,946
Peio  ,2023,Femmine  ,873
Peio  ,2023,Totale  ,1819
Peio  ,2024,Maschi  ,935
Peio  ,2024,Femmine  ,859
Peio  ,2024,Totale  ,1794
Pellizzano  ,2022,Maschi  ,381
Pellizzano  ,2022,Femmine  ,391
Pellizzano  ,2022,Totale  ,772
Pellizzano  ,2023,Maschi  ,386
Pellizzano  ,2023,Femmine  ,404
Pellizzano  ,2023,Totale  ,790
Pellizzano  ,2024,Maschi  ,385
Pellizzano  ,2024,Femmine  ,415
Pellizzano  ,2024,Totale  ,800
Pelugo  ,2022,Maschi  ,190
Pelugo  ,2022,Femmine  ,206
Pelugo  ,2022,Totale  ,396
Pelugo  ,2023,Maschi  ,195
Pelugo  ,2023,Femmine  ,213
Pelugo  ,2023,Totale  ,408
Pelugo  ,2024,Maschi  ,190
Pelugo  ,2024,Femmine  ,207
Pelugo  ,2024,Totale  ,397
Pergine Valsugana  ,2022,Maschi  ,10457
Pergine Valsugana  ,2022,Femmine  ,11026
Pergine Valsugana  ,2022,Totale  ,21483
Pergine Valsugana  ,2023,Maschi  ,10529
Pergine Valsugana  ,2023,Femmine  ,11091
Pergine Valsugana  ,2023,Totale  ,21620
Pergine Valsugana  ,2024,Maschi  ,10579
Pergine Valsugana  ,2024,Femmine  ,11105
Pergine Valsugana  ,2024,Totale  ,21684
Pieve di Bono-Prezzo  ,2022,Maschi  ,709
Pieve di Bono-Prezzo  ,2022,Femmine  ,719
Pieve di Bono-Prezzo  ,2022,Totale  ,1428
Pieve di Bono-Prezzo  ,2023,Maschi  ,722
Pieve di Bono-Prezzo  ,2023,Femmine  ,722
Pieve di Bono-Prezzo  ,2023,Totale  ,1444
Pieve di Bono-Prezzo  ,2024,Maschi  ,728
Pieve di Bono-Prezzo  ,2024,Femmine  ,728
Pieve di Bono-Prezzo  ,2024,Totale  ,1456
Pieve Tesino  ,2022,Maschi  ,331
Pieve Tesino  ,2022,Femmine  ,321
Pieve Tesino  ,2022,Totale  ,652
Pieve Tesino  ,2023,Maschi  ,330
Pieve Tesino  ,2023,Femmine  ,318
Pieve Tesino  ,2023,Totale  ,648
Pieve Tesino  ,2024,Maschi  ,330
Pieve Tesino  ,2024,Femmine  ,324
Pieve Tesino  ,2024,Totale  ,654
Pinzolo  ,2022,Maschi  ,1506
Pinzolo  ,2022,Femmine  ,1555
Pinzolo  ,2022,Totale  ,3061
Pinzolo  ,2023,Maschi  ,1491
Pinzolo  ,2023,Femmine  ,1552
Pinzolo  ,2023,Totale  ,3043
Pinzolo  ,2024,Maschi  ,1481
Pinzolo  ,2024,Femmine  ,1558
Pinzolo  ,2024,Totale  ,3039
Pomarolo  ,2022,Maschi  ,1260
Pomarolo  ,2022,Femmine  ,1196
Pomarolo  ,2022,Totale  ,2456
Pomarolo  ,2023,Maschi  ,1254
Pomarolo  ,2023,Femmine  ,1192
Pomarolo  ,2023,Totale  ,2446
Pomarolo  ,2024,Maschi  ,1250
Pomarolo  ,2024,Femmine  ,1199
Pomarolo  ,2024,Totale  ,2449
Porte di Rendena  ,2022,Maschi  ,893
Porte di Rendena  ,2022,Femmine  ,889
Porte di Rendena  ,2022,Totale  ,1782
Porte di Rendena  ,2023,Maschi  ,892
Porte di Rendena  ,2023,Femmine  ,888
Porte di Rendena  ,2023,Totale  ,1780
Porte di Rendena  ,2024,Maschi  ,917
Porte di Rendena  ,2024,Femmine  ,902
Porte di Rendena  ,2024,Totale  ,1819
Predaia  ,2022,Maschi  ,3398
Predaia  ,2022,Femmine  ,3417
Predaia  ,2022,Totale  ,6815
Predaia  ,2023,Maschi  ,3416
Predaia  ,2023,Femmine  ,3427
Predaia  ,2023,Totale  ,6843
Predaia  ,2024,Maschi  ,3465
Predaia  ,2024,Femmine  ,3438
Predaia  ,2024,Totale  ,6903
Predazzo  ,2022,Maschi  ,2208
Predazzo  ,2022,Femmine  ,2294
Predazzo  ,2022,Totale  ,4502
Predazzo  ,2023,Maschi  ,2206
Predazzo  ,2023,Femmine  ,2300
Predazzo  ,2023,Totale  ,4506
Predazzo  ,2024,Maschi  ,2228
Predazzo  ,2024,Femmine  ,2308
Predazzo  ,2024,Totale  ,4536
Primiero San Martino di Castrozza  ,2022,Maschi  ,2557
Primiero San Martino di Castrozza  ,2022,Femmine  ,2625
Primiero San Martino di Castrozza  ,2022,Totale  ,5182
Primiero San Martino di Castrozza  ,2023,Maschi  ,2533
Primiero San Martino di Castrozza  ,2023,Femmine  ,2594
Primiero San Martino di Castrozza  ,2023,Totale  ,5127
Primiero San Martino di Castrozza  ,2024,Maschi  ,2457
Primiero San Martino di Castrozza  ,2024,Femmine  ,2526
Primiero San Martino di Castrozza  ,2024,Totale  ,4983
Rabbi  ,2022,Maschi  ,692
Rabbi  ,2022,Femmine  ,653
Rabbi  ,2022,Totale  ,1345
Rabbi  ,2023,Maschi  ,695
Rabbi  ,2023,Femmine  ,660
Rabbi  ,2023,Totale  ,1355
Rabbi  ,2024,Maschi  ,703
Rabbi  ,2024,Femmine  ,669
Rabbi  ,2024,Totale  ,1372
Riva del Garda  ,2022,Maschi  ,8519
Riva del Garda  ,2022,Femmine  ,9223
Riva del Garda  ,2022,Totale  ,17742
Riva del Garda  ,2023,Maschi  ,8543
Riva del Garda  ,2023,Femmine  ,9286
Riva del Garda  ,2023,Totale  ,17829
Riva del Garda  ,2024,Maschi  ,8549
Riva del Garda  ,2024,Femmine  ,9309
Riva del Garda  ,2024,Totale  ,17858
Romeno  ,2022,Maschi  ,722
Romeno  ,2022,Femmine  ,675
Romeno  ,2022,Totale  ,1397
Romeno  ,2023,Maschi  ,735
Romeno  ,2023,Femmine  ,717
Romeno  ,2023,Totale  ,1452
Romeno  ,2024,Maschi  ,761
Romeno  ,2024,Femmine  ,736
Romeno  ,2024,Totale  ,1497
Roncegno Terme  ,2022,Maschi  ,1434
Roncegno Terme  ,2022,Femmine  ,1480
Roncegno Terme  ,2022,Totale  ,2914
Roncegno Terme  ,2023,Maschi  ,1454
Roncegno Terme  ,2023,Femmine  ,1478
Roncegno Terme  ,2023,Totale  ,2932
Roncegno Terme  ,2024,Maschi  ,1462
Roncegno Terme  ,2024,Femmine  ,1478
Roncegno Terme  ,2024,Totale  ,2940
Ronchi Valsugana  ,2022,Maschi  ,240
Ronchi Valsugana  ,2022,Femmine  ,214
Ronchi Valsugana  ,2022,Totale  ,454
Ronchi Valsugana  ,2023,Maschi  ,239
Ronchi Valsugana  ,2023,Femmine  ,210
Ronchi Valsugana  ,2023,Totale  ,449
Ronchi Valsugana  ,2024,Maschi  ,240
Ronchi Valsugana  ,2024,Femmine  ,211
Ronchi Valsugana  ,2024,Totale  ,451
Ronzo-Chienis  ,2022,Maschi  ,525
Ronzo-Chienis  ,2022,Femmine  ,467
Ronzo-Chienis  ,2022,Totale  ,992
Ronzo-Chienis  ,2023,Maschi  ,529
Ronzo-Chienis  ,2023,Femmine  ,469
Ronzo-Chienis  ,2023,Totale  ,998
Ronzo-Chienis  ,2024,Maschi  ,527
Ronzo-Chienis  ,2024,Femmine  ,475
Ronzo-Chienis  ,2024,Totale  ,1002
Ronzone  ,2022,Maschi  ,234
Ronzone  ,2022,Femmine  ,225
Ronzone  ,2022,Totale  ,459
Ronzone  ,2023,Maschi  ,240
Ronzone  ,2023,Femmine  ,233
Ronzone  ,2023,Totale  ,473
Ronzone  ,2024,Maschi  ,246
Ronzone  ,2024,Femmine  ,236
Ronzone  ,2024,Totale  ,482
Roverè della Luna  ,2022,Maschi  ,834
Roverè della Luna  ,2022,Femmine  ,804
Roverè della Luna  ,2022,Totale  ,1638
Roverè della Luna  ,2023,Maschi  ,829
Roverè della Luna  ,2023,Femmine  ,795
Roverè della Luna  ,2023,Totale  ,1624
Roverè della Luna  ,2024,Maschi  ,836
Roverè della Luna  ,2024,Femmine  ,801
Roverè della Luna  ,2024,Totale  ,1637
Rovereto  ,2022,Maschi  ,19052
Rovereto  ,2022,Femmine  ,20714
Rovereto  ,2022,Totale  ,39766
Rovereto  ,2023,Maschi  ,19124
Rovereto  ,2023,Femmine  ,20798
Rovereto  ,2023,Totale  ,39922
Rovereto  ,2024,Maschi  ,19225
Rovereto  ,2024,Femmine  ,20822
Rovereto  ,2024,Totale  ,40047
Ruffrè-Mendola  ,2022,Maschi  ,224
Ruffrè-Mendola  ,2022,Femmine  ,203
Ruffrè-Mendola  ,2022,Totale  ,427
Ruffrè-Mendola  ,2023,Maschi  ,223
Ruffrè-Mendola  ,2023,Femmine  ,198
Ruffrè-Mendola  ,2023,Totale  ,421
Ruffrè-Mendola  ,2024,Maschi  ,224
Ruffrè-Mendola  ,2024,Femmine  ,196
Ruffrè-Mendola  ,2024,Totale  ,420
Rumo  ,2022,Maschi  ,406
Rumo  ,2022,Femmine  ,392
Rumo  ,2022,Totale  ,798
Rumo  ,2023,Maschi  ,406
Rumo  ,2023,Femmine  ,389
Rumo  ,2023,Totale  ,795
Rumo  ,2024,Maschi  ,405
Rumo  ,2024,Femmine  ,383
Rumo  ,2024,Totale  ,788
Sagron Mis  ,2022,Maschi  ,92
Sagron Mis  ,2022,Femmine  ,86
Sagron Mis  ,2022,Totale  ,178
Sagron Mis  ,2023,Maschi  ,91
Sagron Mis  ,2023,Femmine  ,91
Sagron Mis  ,2023,Totale  ,182
Sagron Mis  ,2024,Maschi  ,89
Sagron Mis  ,2024,Femmine  ,88
Sagron Mis  ,2024,Totale  ,177
Samone  ,2022,Maschi  ,286
Samone  ,2022,Femmine  ,258
Samone  ,2022,Totale  ,544
Samone  ,2023,Maschi  ,276
Samone  ,2023,Femmine  ,269
Samone  ,2023,Totale  ,545
Samone  ,2024,Maschi  ,278
Samone  ,2024,Femmine  ,268
Samone  ,2024,Totale  ,546
San Lorenzo Dorsino  ,2022,Maschi  ,785
San Lorenzo Dorsino  ,2022,Femmine  ,787
San Lorenzo Dorsino  ,2022,Totale  ,1572
San Lorenzo Dorsino  ,2023,Maschi  ,791
San Lorenzo Dorsino  ,2023,Femmine  ,786
San Lorenzo Dorsino  ,2023,Totale  ,1577
San Lorenzo Dorsino  ,2024,Maschi  ,784
San Lorenzo Dorsino  ,2024,Femmine  ,791
San Lorenzo Dorsino  ,2024,Totale  ,1575
San Michele all'Adige  ,2022,Maschi  ,2016
San Michele all'Adige  ,2022,Femmine  ,1994
San Michele all'Adige  ,2022,Totale  ,4010
San Michele all'Adige  ,2023,Maschi  ,2030
San Michele all'Adige  ,2023,Femmine  ,2021
San Michele all'Adige  ,2023,Totale  ,4051
San Michele all'Adige  ,2024,Maschi  ,2062
San Michele all'Adige  ,2024,Femmine  ,2039
San Michele all'Adige  ,2024,Totale  ,4101
Sant'Orsola Terme  ,2022,Maschi  ,567
Sant'Orsola Terme  ,2022,Femmine  ,539
Sant'Orsola Terme  ,2022,Totale  ,1106
Sant'Orsola Terme  ,2023,Maschi  ,567
Sant'Orsola Terme  ,2023,Femmine  ,548
Sant'Orsola Terme  ,2023,Totale  ,1115
Sant'Orsola Terme  ,2024,Maschi  ,562
Sant'Orsola Terme  ,2024,Femmine  ,542
Sant'Orsola Terme  ,2024,Totale  ,1104
Sanzeno  ,2022,Maschi  ,456
Sanzeno  ,2022,Femmine  ,463
Sanzeno  ,2022,Totale  ,919
Sanzeno  ,2023,Maschi  ,468
Sanzeno  ,2023,Femmine  ,456
Sanzeno  ,2023,Totale  ,924
Sanzeno  ,2024,Maschi  ,470
Sanzeno  ,2024,Femmine  ,457
Sanzeno  ,2024,Totale  ,927
Sarnonico  ,2022,Maschi  ,403
Sarnonico  ,2022,Femmine  ,392
Sarnonico  ,2022,Totale  ,795
Sarnonico  ,2023,Maschi  ,402
Sarnonico  ,2023,Femmine  ,386
Sarnonico  ,2023,Totale  ,788
Sarnonico  ,2024,Maschi  ,398
Sarnonico  ,2024,Femmine  ,391
Sarnonico  ,2024,Totale  ,789
Scurelle  ,2022,Maschi  ,667
Scurelle  ,2022,Femmine  ,667
Scurelle  ,2022,Totale  ,1334
Scurelle  ,2023,Maschi  ,671
Scurelle  ,2023,Femmine  ,668
Scurelle  ,2023,Totale  ,1339
Scurelle  ,2024,Maschi  ,681
Scurelle  ,2024,Femmine  ,677
Scurelle  ,2024,Totale  ,1358
Segonzano  ,2022,Maschi  ,683
Segonzano  ,2022,Femmine  ,705
Segonzano  ,2022,Totale  ,1388
Segonzano  ,2023,Maschi  ,678
Segonzano  ,2023,Femmine  ,691
Segonzano  ,2023,Totale  ,1369
Segonzano  ,2024,Maschi  ,678
Segonzano  ,2024,Femmine  ,679
Segonzano  ,2024,Totale  ,1357
Sella Giudicarie  ,2022,Maschi  ,1452
Sella Giudicarie  ,2022,Femmine  ,1440
Sella Giudicarie  ,2022,Totale  ,2892
Sella Giudicarie  ,2023,Maschi  ,1458
Sella Giudicarie  ,2023,Femmine  ,1446
Sella Giudicarie  ,2023,Totale  ,2904
Sella Giudicarie  ,2024,Maschi  ,1490
Sella Giudicarie  ,2024,Femmine  ,1458
Sella Giudicarie  ,2024,Totale  ,2948
San Giovanni di Fassa-Sèn Jan  ,2022,Maschi  ,1774
San Giovanni di Fassa-Sèn Jan  ,2022,Femmine  ,1802
San Giovanni di Fassa-Sèn Jan  ,2022,Totale  ,3576
San Giovanni di Fassa-Sèn Jan  ,2023,Maschi  ,1763
San Giovanni di Fassa-Sèn Jan  ,2023,Femmine  ,1804
San Giovanni di Fassa-Sèn Jan  ,2023,Totale  ,3567
San Giovanni di Fassa-Sèn Jan  ,2024,Maschi  ,1767
San Giovanni di Fassa-Sèn Jan  ,2024,Femmine  ,1814
San Giovanni di Fassa-Sèn Jan  ,2024,Totale  ,3581
Sfruz  ,2022,Maschi  ,186
Sfruz  ,2022,Femmine  ,184
Sfruz  ,2022,Totale  ,370
Sfruz  ,2023,Maschi  ,186
Sfruz  ,2023,Femmine  ,179
Sfruz  ,2023,Totale  ,365
Sfruz  ,2024,Maschi  ,181
Sfruz  ,2024,Femmine  ,182
Sfruz  ,2024,Totale  ,363
Soraga di Fassa  ,2022,Maschi  ,360
Soraga di Fassa  ,2022,Femmine  ,335
Soraga di Fassa  ,2022,Totale  ,695
Soraga di Fassa  ,2023,Maschi  ,361
Soraga di Fassa  ,2023,Femmine  ,341
Soraga di Fassa  ,2023,Totale  ,702
Soraga di Fassa  ,2024,Maschi  ,374
Soraga di Fassa  ,2024,Femmine  ,344
Soraga di Fassa  ,2024,Totale  ,718
Sover  ,2022,Maschi  ,406
Sover  ,2022,Femmine  ,367
Sover  ,2022,Totale  ,773
Sover  ,2023,Maschi  ,399
Sover  ,2023,Femmine  ,373
Sover  ,2023,Totale  ,772
Sover  ,2024,Maschi  ,405
Sover  ,2024,Femmine  ,381
Sover  ,2024,Totale  ,786
Spiazzo  ,2022,Maschi  ,612
Spiazzo  ,2022,Femmine  ,634
Spiazzo  ,2022,Totale  ,1246
Spiazzo  ,2023,Maschi  ,626
Spiazzo  ,2023,Femmine  ,644
Spiazzo  ,2023,Totale  ,1270
Spiazzo  ,2024,Maschi  ,627
Spiazzo  ,2024,Femmine  ,639
Spiazzo  ,2024,Totale  ,1266
Spormaggiore  ,2022,Maschi  ,676
Spormaggiore  ,2022,Femmine  ,594
Spormaggiore  ,2022,Totale  ,1270
Spormaggiore  ,2023,Maschi  ,670
Spormaggiore  ,2023,Femmine  ,590
Spormaggiore  ,2023,Totale  ,1260
Spormaggiore  ,2024,Maschi  ,669
Spormaggiore  ,2024,Femmine  ,579
Spormaggiore  ,2024,Totale  ,1248
Sporminore  ,2022,Maschi  ,341
Sporminore  ,2022,Femmine  ,363
Sporminore  ,2022,Totale  ,704
Sporminore  ,2023,Maschi  ,353
Sporminore  ,2023,Femmine  ,361
Sporminore  ,2023,Totale  ,714
Sporminore  ,2024,Maschi  ,356
Sporminore  ,2024,Femmine  ,362
Sporminore  ,2024,Totale  ,718
Stenico  ,2022,Maschi  ,608
Stenico  ,2022,Femmine  ,550
Stenico  ,2022,Totale  ,1158
Stenico  ,2023,Maschi  ,612
Stenico  ,2023,Femmine  ,549
Stenico  ,2023,Totale  ,1161
Stenico  ,2024,Maschi  ,619
Stenico  ,2024,Femmine  ,556
Stenico  ,2024,Totale  ,1175
Storo  ,2022,Maschi  ,2194
Storo  ,2022,Femmine  ,2329
Storo  ,2022,Totale  ,4523
Storo  ,2023,Maschi  ,2195
Storo  ,2023,Femmine  ,2306
Storo  ,2023,Totale  ,4501
Storo  ,2024,Maschi  ,2184
Storo  ,2024,Femmine  ,2293
Storo  ,2024,Totale  ,4477
Strembo  ,2022,Maschi  ,302
Strembo  ,2022,Femmine  ,299
Strembo  ,2022,Totale  ,601
Strembo  ,2023,Maschi  ,303
Strembo  ,2023,Femmine  ,293
Strembo  ,2023,Totale  ,596
Strembo  ,2024,Maschi  ,296
Strembo  ,2024,Femmine  ,286
Strembo  ,2024,Totale  ,582
Telve  ,2022,Maschi  ,922
Telve  ,2022,Femmine  ,964
Telve  ,2022,Totale  ,1886
Telve  ,2023,Maschi  ,933
Telve  ,2023,Femmine  ,975
Telve  ,2023,Totale  ,1908
Telve  ,2024,Maschi  ,942
Telve  ,2024,Femmine  ,963
Telve  ,2024,Totale  ,1905
Telve di Sopra  ,2022,Maschi  ,308
Telve di Sopra  ,2022,Femmine  ,290
Telve di Sopra  ,2022,Totale  ,598
Telve di Sopra  ,2023,Maschi  ,317
Telve di Sopra  ,2023,Femmine  ,294
Telve di Sopra  ,2023,Totale  ,611
Telve di Sopra  ,2024,Maschi  ,322
Telve di Sopra  ,2024,Femmine  ,298
Telve di Sopra  ,2024,Totale  ,620
Tenna  ,2022,Maschi  ,513
Tenna  ,2022,Femmine  ,535
Tenna  ,2022,Totale  ,1048
Tenna  ,2023,Maschi  ,525
Tenna  ,2023,Femmine  ,537
Tenna  ,2023,Totale  ,1062
Tenna  ,2024,Maschi  ,528
Tenna  ,2024,Femmine  ,537
Tenna  ,2024,Totale  ,1065
Tenno  ,2022,Maschi  ,957
Tenno  ,2022,Femmine  ,1027
Tenno  ,2022,Totale  ,1984
Tenno  ,2023,Maschi  ,976
Tenno  ,2023,Femmine  ,1031
Tenno  ,2023,Totale  ,2007
Tenno  ,2024,Maschi  ,992
Tenno  ,2024,Femmine  ,1047
Tenno  ,2024,Totale  ,2039
Terragnolo  ,2022,Maschi  ,364
Terragnolo  ,2022,Femmine  ,341
Terragnolo  ,2022,Totale  ,705
Terragnolo  ,2023,Maschi  ,370
Terragnolo  ,2023,Femmine  ,339
Terragnolo  ,2023,Totale  ,709
Terragnolo  ,2024,Maschi  ,371
Terragnolo  ,2024,Femmine  ,334
Terragnolo  ,2024,Totale  ,705
Terre d'Adige  ,2022,Maschi  ,1543
Terre d'Adige  ,2022,Femmine  ,1500
Terre d'Adige  ,2022,Totale  ,3043
Terre d'Adige  ,2023,Maschi  ,1547
Terre d'Adige  ,2023,Femmine  ,1505
Terre d'Adige  ,2023,Totale  ,3052
Terre d'Adige  ,2024,Maschi  ,1579
Terre d'Adige  ,2024,Femmine  ,1516
Terre d'Adige  ,2024,Totale  ,3095
Terzolas  ,2022,Maschi  ,306
Terzolas  ,2022,Femmine  ,330
Terzolas  ,2022,Totale  ,636
Terzolas  ,2023,Maschi  ,303
Terzolas  ,2023,Femmine  ,329
Terzolas  ,2023,Totale  ,632
Terzolas  ,2024,Maschi  ,310
Terzolas  ,2024,Femmine  ,333
Terzolas  ,2024,Totale  ,643
Tesero  ,2022,Maschi  ,1462
Tesero  ,2022,Femmine  ,1475
Tesero  ,2022,Totale  ,2937
Tesero  ,2023,Maschi  ,1475
Tesero  ,2023,Femmine  ,1491
Tesero  ,2023,Totale  ,2966
Tesero  ,2024,Maschi  ,1505
Tesero  ,2024,Femmine  ,1489
Tesero  ,2024,Totale  ,2994
Tione di Trento  ,2022,Maschi  ,1808
Tione di Trento  ,2022,Femmine  ,1844
Tione di Trento  ,2022,Totale  ,3652
Tione di Trento  ,2023,Maschi  ,1819
Tione di Trento  ,2023,Femmine  ,1854
Tione di Trento  ,2023,Totale  ,3673
Tione di Trento  ,2024,Maschi  ,1821
Tione di Trento  ,2024,Femmine  ,1843
Tione di Trento  ,2024,Totale  ,3664
Ton  ,2022,Maschi  ,687
Ton  ,2022,Femmine  ,625
Ton  ,2022,Totale  ,1312
Ton  ,2023,Maschi  ,674
Ton  ,2023,Femmine  ,610
Ton  ,2023,Totale  ,1284
Ton  ,2024,Maschi  ,677
Ton  ,2024,Femmine  ,605
Ton  ,2024,Totale  ,1282
Torcegno  ,2022,Maschi  ,342
Torcegno  ,2022,Femmine  ,342
Torcegno  ,2022,Totale  ,684
Torcegno  ,2023,Maschi  ,343
Torcegno  ,2023,Femmine  ,352
Torcegno  ,2023,Totale  ,695
Torcegno  ,2024,Maschi  ,341
Torcegno  ,2024,Femmine  ,353
Torcegno  ,2024,Totale  ,694
Trambileno  ,2022,Maschi  ,729
Trambileno  ,2022,Femmine  ,738
Trambileno  ,2022,Totale  ,1467
Trambileno  ,2023,Maschi  ,724
Trambileno  ,2023,Femmine  ,751
Trambileno  ,2023,Totale  ,1475
Trambileno  ,2024,Maschi  ,723
Trambileno  ,2024,Femmine  ,750
Trambileno  ,2024,Totale  ,1473
Trento  ,2022,Maschi  ,57025
Trento  ,2022,Femmine  ,60822
Trento  ,2022,Totale  ,117847
Trento  ,2023,Maschi  ,57427
Trento  ,2023,Femmine  ,60850
Trento  ,2023,Totale  ,118277
Trento  ,2024,Maschi  ,57897
Trento  ,2024,Femmine  ,60989
Trento  ,2024,Totale  ,118886
Tre Ville  ,2022,Maschi  ,672
Tre Ville  ,2022,Femmine  ,693
Tre Ville  ,2022,Totale  ,1365
Tre Ville  ,2023,Maschi  ,672
Tre Ville  ,2023,Femmine  ,693
Tre Ville  ,2023,Totale  ,1365
Tre Ville  ,2024,Maschi  ,681
Tre Ville  ,2024,Femmine  ,701
Tre Ville  ,2024,Totale  ,1382
Valdaone  ,2022,Maschi  ,600
Valdaone  ,2022,Femmine  ,549
Valdaone  ,2022,Totale  ,1149
Valdaone  ,2023,Maschi  ,602
Valdaone  ,2023,Femmine  ,550
Valdaone  ,2023,Totale  ,1152
Valdaone  ,2024,Maschi  ,593
Valdaone  ,2024,Femmine  ,554
Valdaone  ,2024,Totale  ,1147
Valfloriana  ,2022,Maschi  ,241
Valfloriana  ,2022,Femmine  ,233
Valfloriana  ,2022,Totale  ,474
Valfloriana  ,2023,Maschi  ,243
Valfloriana  ,2023,Femmine  ,230
Valfloriana  ,2023,Totale  ,473
Valfloriana  ,2024,Maschi  ,242
Valfloriana  ,2024,Femmine  ,231
Valfloriana  ,2024,Totale  ,473
Vallarsa  ,2022,Maschi  ,706
Vallarsa  ,2022,Femmine  ,677
Vallarsa  ,2022,Totale  ,1383
Vallarsa  ,2023,Maschi  ,708
Vallarsa  ,2023,Femmine  ,685
Vallarsa  ,2023,Totale  ,1393
Vallarsa  ,2024,Maschi  ,710
Vallarsa  ,2024,Femmine  ,682
Vallarsa  ,2024,Totale  ,1392
Vallelaghi  ,2022,Maschi  ,2606
Vallelaghi  ,2022,Femmine  ,2570
Vallelaghi  ,2022,Totale  ,5176
Vallelaghi  ,2023,Maschi  ,2631
Vallelaghi  ,2023,Femmine  ,2574
Vallelaghi  ,2023,Totale  ,5205
Vallelaghi  ,2024,Maschi  ,2660
Vallelaghi  ,2024,Femmine  ,2596
Vallelaghi  ,2024,Totale  ,5256
Vermiglio  ,2022,Maschi  ,885
Vermiglio  ,2022,Femmine  ,910
Vermiglio  ,2022,Totale  ,1795
Vermiglio  ,2023,Maschi  ,874
Vermiglio  ,2023,Femmine  ,902
Vermiglio  ,2023,Totale  ,1776
Vermiglio  ,2024,Maschi  ,880
Vermiglio  ,2024,Femmine  ,903
Vermiglio  ,2024,Totale  ,1783
Vignola-Falesina  ,2022,Maschi  ,99
Vignola-Falesina  ,2022,Femmine  ,82
Vignola-Falesina  ,2022,Totale  ,181
Vignola-Falesina  ,2023,Maschi  ,104
Vignola-Falesina  ,2023,Femmine  ,85
Vignola-Falesina  ,2023,Totale  ,189
Vignola-Falesina  ,2024,Maschi  ,112
Vignola-Falesina  ,2024,Femmine  ,87
Vignola-Falesina  ,2024,Totale  ,199
Villa Lagarina  ,2022,Maschi  ,1952
Villa Lagarina  ,2022,Femmine  ,1929
Villa Lagarina  ,2022,Totale  ,3881
Villa Lagarina  ,2023,Maschi  ,1951
Villa Lagarina  ,2023,Femmine  ,1937
Villa Lagarina  ,2023,Totale  ,3888
Villa Lagarina  ,2024,Maschi  ,1948
Villa Lagarina  ,2024,Femmine  ,1945
Villa Lagarina  ,2024,Totale  ,3893
Ville d'Anaunia  ,2022,Maschi  ,2354
Ville d'Anaunia  ,2022,Femmine  ,2375
Ville d'Anaunia  ,2022,Totale  ,4729
Ville d'Anaunia  ,2023,Maschi  ,2362
Ville d'Anaunia  ,2023,Femmine  ,2354
Ville d'Anaunia  ,2023,Totale  ,4716
Ville d'Anaunia  ,2024,Maschi  ,2349
Ville d'Anaunia  ,2024,Femmine  ,2323
Ville d'Anaunia  ,2024,Totale  ,4672
Ville di Fiemme  ,2022,Maschi  ,1323
Ville di Fiemme  ,2022,Femmine  ,1314
Ville di Fiemme  ,2022,Totale  ,2637
Ville di Fiemme  ,2023,Maschi  ,1331
Ville di Fiemme  ,2023,Femmine  ,1313
Ville di Fiemme  ,2023,Totale  ,2644
Ville di Fiemme  ,2024,Maschi  ,1324
Ville di Fiemme  ,2024,Femmine  ,1326
Ville di Fiemme  ,2024,Totale  ,2650
Volano  ,2022,Maschi  ,1551
Volano  ,2022,Femmine  ,1512
Volano  ,2022,Totale  ,3063
Volano  ,2023,Maschi  ,1550
Volano  ,2023,Femmine  ,1556
Volano  ,2023,Totale  ,3106
Volano  ,2024,Maschi  ,1555
Volano  ,2024,Femmine  ,1566
Volano  ,2024,Totale  ,3121
Ziano di Fiemme  ,2022,Maschi  ,856
Ziano di Fiemme  ,2022,Femmine  ,902
Ziano di Fiemme  ,2022,Totale  ,1758
Ziano di Fiemme  ,2023,Maschi  ,850
Ziano di Fiemme  ,2023,Femmine  ,907
Ziano di Fiemme  ,2023,Totale  ,1757
Ziano di Fiemme  ,2024,Maschi  ,866
Ziano di Fiemme  ,2024,Femmine  ,914
Ziano di Fiemme  ,2024,Totale  ,1780
